Establecimiento;Red;Dirección;Latitud;Longitud;Distrito
Instituto Nacional de Salud del Niño - San Borja;MINSA;Av. Agustín de la Rosa Toro 1399, San Borja;-12.085640;-76.992180;San Borja
SANNA Clínica San Borja;SANNA;Av. Guardia Civil 337, San Borja;-12.092020;-77.008340;San Borja
Clínica Internacional - Sede San Borja;Clínica Internacional;Av. Guardia Civil 385-433, San Borja;-12.092464;-77.008831;San Borja
Clínica Santa Isabel;Privada;Av. Guardia Civil 135, San Borja;-12.089397;-77.007378;San Borja
Clínica Vesalio;Privada;Jr. Joseph Thompson 140, San Borja;-12.106378;-77.007224;San Borja
Clínica Oncosalud Auna - Sede Hospitalaria;Auna / Oncosalud;Av. Guardia Civil 227, San Borja;-12.090655;-77.007612;San Borja
Oncosalud Auna - Sede Ambulatoria;Auna / Oncosalud;Av. Guardia Civil 571, San Borja;-12.090610;-77.007620;San Borja
La Rambla San Borja;Centro comercial;Av. Javier Prado Este 2050, San Borja;-12.089490;-77.004790;San Borja
Real Plaza Primavera;Centro comercial;Av. Angamos Este 2681 / Av. Aviación, San Borja;-12.110290;-77.001720;San Borja
